Reference,Qty,Value,DNP,Exclude from BOM,Exclude from Board,Footprint,Datasheet,Part Number
100uf2,1,C_Polarized,,,,Capacitor_SMD:C_0805_2012Metric,~,EEE-FK1V101P
"C1,C2,C4,C8,C10,C13,C22,C80,C84,C87,C90",11,100nf,,,,Capacitor_SMD:C_0805_2012Metric,~,CL21B104KBCNNNC
"C5,C21,C24,C79",4,10uf,,,,Capacitor_SMD:C_0805_2012Metric,~,CL21A106KOQNNNE
C6,1,150pf,,,,Capacitor_SMD:C_0805_2012Metric,~,GRM1885C1H151JA01D
"C9,C50",2,47uf,,,,Capacitor_SMD:C_0805_2012Metric,~,GRM32ER61E476KE15
"C12,C57,C59,C60,C73",5,0.1u,,,,Capacitor_SMD:C_0805_2012Metric,~,CL21B104KBCNNNC
C51,1,470uf,,,,Capacitor_SMD:C_0805_2012Metric,~,EEE-FK1V471P
"C55,C78",2,1u,,,,Capacitor_SMD:C_0805_2012Metric,~,CL21B105KAFNNNE
C56,1,4.7u,,,,Capacitor_SMD:C_0805_2012Metric,~,CL21A475KOQNNNE
"C58,C61",2,10u,,,,Capacitor_SMD:C_0805_2012Metric,~,CL21A106KOQNNNE
"C63,C64,C65,C66,C67,C68,C69,C70,C71,C72,C76,C77",12,22nf,,,,Capacitor_SMD:C_0805_2012Metric,~,CL21B223KBCNNNC
"C81,C83,C89",3,4.7uf,,,,Capacitor_SMD:C_0805_2012Metric,~,CL21A475KOQNNNE
"C82,C85",2,220nf,,,,Capacitor_SMD:C_0805_2012Metric,~,CL21B224KBCNNNC
"C86,C92",2,1uf,,,,Capacitor_SMD:C_0805_2012Metric,~,CL21B105KAFNNNE
C88,1,100uf,,,,Capacitor_SMD:C_0805_2012Metric,~,EEE-FK1V101P
"C91,C93",2,20pf,,,,Capacitor_SMD:C_0805_2012Metric,~,GRM1885C1H200JA01D
D2,1,D_Schottky,,,,Diode_SMD:D_SMA,~,B5819W
"D5,D6,D12,D13",4,SS34,,,,Diode_SMD:D_SMA,https://www.vishay.com/docs/88751/ss32.pdf,SS34
D9,1,Green,,,,theftdetection:LEDC2012X120N,https://mm.digikey.com/Volume0/opasdata/d220001/medias/docus/895/LTST-C170GKT.pdf,LTST-C170GKT
D10,1,Red,,,,theftdetection:LEDC2012X120N,https://componentsearchengine.com/Datasheets/1/LTST-C170KRKT.pdf,LTST-C170GKT
D11,1,ESD9B5.0ST5G,,,,Diode_SMD:D_SOD-923,https://www.onsemi.com/pub/Collateral/ESD9B-D.PDF,ESD9B5.0ST5G
F1,1,0ZCH0110AF2E,,,,theftdetection:FUSC3226X100N,https://www.belfuse.com/resources/datasheets/circuitprotection/ds-cp-0zch-series.pdf,0ZCH0110AF2E
F3,1,Polyfuse,,,,Fuse:Fuse_1206_3216Metric,~,MF-R110
FL1,1,BLM21PG300SN1D,,,,theftdetection:BEADC2012X105N,,BLM21PG300SN1D
IC1,1,MP1584EN-LF-Z,,,,theftdetection:SOIC127P600X170-9N,,MP1584EN-LF-Z
J6,1,Jack-DC,,,,Connector_BarrelJack:BarrelJack_GCT_DCJ200-10-A_Horizontal,~,PJ-102A
J7,1,SS-52400-002,,,,theftdetection:BELFUSE_SS-52400-002,,SS-52400-002
"J14,J23",2,U.FL-R-SMT_01_,,,,theftdetection:HRS_U.FL-R-SMT_01_,,U.FL-R-SMT-1
"J17,J18,J19,J20,J21,J22",6,Screw_Terminal_01x02,,,,"TerminalBlock_Phoenix:TerminalBlock_Phoenix_MKDS-1,5-2-5.08_1x02_P5.08mm_Horizontal",~,"MKDS-1,5-2-5.08"
J28,1,JAE_SIM_Card_SF72S006,,,,Connector_JAE:JAE_SIM_Card_SF72S006,https://www.jae.com/direct/topics/topics_file_download/topics_id=68892&ext_no=06&index=0&_lang=en&v=202003111511468456809,SF72S006
L1,1,15uH,,,,Inductor_SMD:L_0805_2012Metric,~,SRN6045TA-150M
L3,1,15uf,,,,Inductor_SMD:L_0805_2012Metric,~,SRN6045TA-150M
Q2,1,2N3904,,,,Package_TO_SOT_THT:TO-92_Inline,https://www.onsemi.com/pub/Collateral/2N3903-D.PDF,2N3904
"Q9,Q10",2,BC817,,,,Package_TO_SOT_SMD:SOT-23,https://www.onsemi.com/pub/Collateral/BC818-D.pdf,BC817
"R1,R15,R16",3,100k,,,,Resistor_SMD:R_0805_2012Metric,~,RC0805FR-07100KL
R2,1,24k9,,,,Resistor_SMD:R_0805_2012Metric,~,RC0805FR-0724K9L
"R6,R57,R58,R60,R82,R92,R97",7,10k,,,,Resistor_SMD:R_0805_2012Metric,~,RC0805FR-0710KL
R7,1,160k,,,,Resistor_SMD:R_0805_2012Metric,~,RC0805FR-07160KL
R8,1,40k,,,,Resistor_SMD:R_0805_2012Metric,~,RC0805FR-0740KL
"R13,R14",2,5K1,,,,Resistor_SMD:R_0805_2012Metric,~,RC0805FR-0751KL
R17,1,210k,,,,Resistor_SMD:R_0805_2012Metric,~,RC0805FR-07210KL
R29,1,40k2,,,,Resistor_SMD:R_0805_2012Metric,~,RC0805FR-0740KL
R55,1,20k,,,,Resistor_SMD:R_0805_2012Metric,~,RC0805FR-0720KL
R56,1,39k,,,,Resistor_SMD:R_0805_2012Metric,~,RC0805FR-0739KL
R59,1,IK,,,,Resistor_SMD:R_0805_2012Metric,~,RC0805FR-071KL
"R61,R62",2,330,,,,Resistor_SMD:R_0805_2012Metric,~,RC0805FR-07330RL
"R63,R64,R84",3,4K7,,,,Resistor_SMD:R_0805_2012Metric,~,RC0805FR-074K7L
"R65,R66,R67,R68,R69,R83",6,10,,,,Resistor_SMD:R_0805_2012Metric,~,RC0805FR-0710RL
"R71,R72,R73,R74,R75,R76,R77,R78,R79,R80,R86,R87",12,1K,,,,Resistor_SMD:R_0805_2012Metric,~,RC0805FR-071KL
"R88,R89,R90,R91",4,10K,,,,Resistor_SMD:R_0805_2012Metric,~,RC0805FR-0710KL
"R93,R94,R95",3,22,,,,Resistor_SMD:R_0805_2012Metric,~,RC0805FR-0722RL
S5,1,BOOT,,,,theftdetection:SW_USLPT2819DT2TR,,USLPT2819DT2TR
S6,1,RESET,,,,theftdetection:SW_USLPT2819DT2TR,,USLPT2819DT2TR
U1,1,TPS7A2033PDBVR,,,,theftdetection:SOT95P280X145-5N,,TPS7A2033PDBVR
U2,1,AP2112K-3.3,,,,Package_TO_SOT_SMD:SOT-23-5,https://www.diodes.com/assets/Datasheets/AP2112.pdf,AP2112K-3.3
U10,1,TPS54331DG4,,,,theftdetection:SOIC127P599X175-8N,,TPS54331DG4
"U13,U20,U21",3,USBLC6-2SC6,,,,Package_TO_SOT_SMD:SOT-23-6,https://www.st.com/resource/en/datasheet/usblc6-2.pdf,USBLC6-2SC6
U14,1,E32-433T20S,,,,theftdetection:MODULE_E32-433T20S,,E32-433T20S
U15,1,CP2102N-Axx-xQFN20,,,,theftdetection:IC_CP2102N-A01-GQFN20,https://www.silabs.com/documents/public/data-sheets/cp2102n-datasheet.pdf,CP2102N-A02-GQFN20
U16,1,ESP32-C6-MINI-1,,,,RF_Module:ESP32-C6-MINI-1,https://www.espressif.com/sites/default/files/documentation/esp32-c6-mini-1_mini-1u_datasheet_en.pdf,ESP32-C6-MINI-1
U17,1,TXS0108EPW,,,,Package_SO:TSSOP-20_4.4x6.5mm_P0.65mm,www.ti.com/lit/ds/symlink/txs0108e.pdf,TXS0108EPW
U18,1,SIM7600G,,,,theftdetection:IC_SIM7600G,,SIM7600G
U19,1,ADE7816ACPZ,,,,adefootprint:QFN50P600X600X80-41N,,ADE7816ACPZ
Y3,1,Crystal,,,,Crystal:Crystal_SMD_3225-4Pin_3.2x2.5mm,~,TSX-3225
